id,first_name,middle_name,last_name,birth_date,marital_status,sex,email,salary,total_children,number_children_at_home,education,occupation,house_owner_flag,number_of_cars_owned,address,phone,date_first_purchase,commute_distance
11000,Jon,V,Yang,1979-05-14,M,M,jon24@adventure-works.com,90000,2,0,Bachelors,Professional,1,0,3761 N. 14th St,1 (11) 500 555-0162,2018-08-27,1-2 Miles
11001,Eugene,L,Huang,1983-12-17,S,M,eugene10@adventure-works.com,60000,3,3,Bachelors,Professional,0,1,2243 W St.,1 (11) 500 555-0110,2018-08-23,0-1 Miles
11002,Ruben,,Torres,1978-09-17,M,M,ruben35@adventure-works.com,60000,3,3,Bachelors,Professional,1,1,5844 Linden Land,1 (11) 500 555-0184,2018-08-15,2-5 Miles
11003,Christy,,Zhu,1981-03-22,S,F,christy12@adventure-works.com,70000,0,0,Bachelors,Professional,0,1,1825 Village Pl.,1 (11) 500 555-0162,2018-08-06,5-10 Miles
11004,Elizabeth,,Johnson,1987-03-13,S,F,elizabeth5@adventure-works.com,80000,5,5,Bachelors,Professional,1,4,7553 Harness Circle,1 (11) 500 555-0131,2018-08-31,1-2 Miles
11005,Julio,,Ruiz,1984-03-09,S,M,julio1@adventure-works.com,70000,0,0,Bachelors,Professional,1,1,7305 Humphrey Drive,1 (11) 500 555-0151,2018-08-07,5-10 Miles
11006,Janet,G,Alvarez,1984-07-10,S,F,janet9@adventure-works.com,70000,0,0,Bachelors,Professional,1,1,2612 Berry Dr,1 (11) 500 555-0184,2018-09-01,5-10 Miles
11007,Marco,,Mehta,1977-06-14,M,M,marco14@adventure-works.com,60000,3,3,Bachelors,Professional,1,2,942 Brook Street,1 (11) 500 555-0126,2018-08-17,0-1 Miles
11008,Rob,,Verhoff,1983-02-09,S,F,rob4@adventure-works.com,60000,4,4,Bachelors,Professional,1,3,624 Peabody Road,1 (11) 500 555-0164,2018-09-02,10+ Miles
11009,Shannon,C,Carlson,1977-05-07,S,M,shannon38@adventure-works.com,70000,0,0,Bachelors,Professional,0,1,3839 Northgate Road,1 (11) 500 555-0110,2018-09-04,5-10 Miles
11010,Jacquelyn,C,Suarez,1977-03-13,S,F,jacquelyn20@adventure-works.com,70000,0,0,Bachelors,Professional,0,1,7800 Corrinne Court,1 (11) 500 555-0169,2018-08-22,5-10 Miles
11011,Curtis,,Lu,1976-12-09,M,M,curtis9@adventure-works.com,60000,4,4,Bachelors,Professional,1,4,1224 Shoenic,1 (11) 500 555-0117,2018-08-07,10+ Miles
11012,Lauren,M,Walker,1986-08-22,M,F,lauren41@adventure-works.com,100000,2,0,Bachelors,Management,1,2,4785 Scott Street,717-555-0164,2020-10-22,1-2 Miles
11013,Ian,M,Jenkins,1987-03-11,M,M,ian47@adventure-works.com,100000,2,0,Bachelors,Management,1,3,7902 Hudson Ave.,817-555-0185,2020-11-19,0-1 Miles
11014,Sydney,,Bennett,1981-06-14,S,F,sydney23@adventure-works.com,100000,3,0,Bachelors,Management,0,3,9011 Tank Drive,431-555-0156,2020-10-29,1-2 Miles
11015,Chloe,,Young,1992-04-03,S,F,chloe23@adventure-works.com,30000,0,0,Partial College,Skilled Manual,0,1,244 Willow Pass Road,208-555-0142,2020-08-26,5-10 Miles
11016,Wyatt,L,Hill,1992-06-02,M,M,wyatt32@adventure-works.com,30000,0,0,Partial College,Skilled Manual,1,1,9666 Northridge Ct.,135-555-0171,2020-09-17,5-10 Miles
11017,Shannon,,Wang,1957-08-01,S,F,shannon1@adventure-works.com,20000,4,0,High School,Skilled Manual,1,2,7330 Saddlehill Lane,1 (11) 500 555-0195,2018-08-20,5-10 Miles
11018,Clarence,D,Rai,1963-05-14,S,M,clarence32@adventure-works.com,30000,2,0,Partial College,Clerical,1,2,244 Rivewview,1 (11) 500 555-0137,2018-08-25,5-10 Miles
11019,Luke,L,Lal,1991-04-12,S,M,luke18@adventure-works.com,40000,0,0,High School,Skilled Manual,0,2,7832 Landing Dr,262-555-0112,2020-09-20,5-10 Miles
11020,Jordan,C,King,1991-10-26,S,M,jordan73@adventure-works.com,40000,0,0,High School,Skilled Manual,0,2,7156 Rose Dr.,550-555-0163,2020-08-06,1-2 Miles
11021,Destiny,,Wilson,1991-10-09,S,F,destiny7@adventure-works.com,40000,0,0,Partial College,Skilled Manual,0,1,8148 W. Lake Dr.,622-555-0158,2020-08-31,1-2 Miles
11022,Ethan,G,Zhang,1991-11-17,M,M,ethan20@adventure-works.com,40000,0,0,Partial College,Skilled Manual,1,1,1769 Nicholas Drive,589-555-0185,2020-08-28,5-10 Miles
11023,Seth,M,Edwards,1991-11-16,M,M,seth46@adventure-works.com,40000,0,0,Partial College,Skilled Manual,1,1,4499 Valley Crest,452-555-0188,2020-09-25,1-2 Miles
11024,Russell,,Xie,1991-10-23,M,M,russell7@adventure-works.com,60000,0,0,Partial College,Skilled Manual,1,2,8734 Oxford Place,746-555-0186,2021-02-02,5-10 Miles
11025,Alejandro,,Beck,1959-01-28,M,M,alejandro45@adventure-works.com,10000,2,1,Partial High School,Clerical,1,2,2596 Franklin Canyon Road,1 (11) 500 555-0178,2018-08-14,1-2 Miles
11026,Harold,,Sai,1959-05-09,S,M,harold3@adventure-works.com,30000,2,0,Partial College,Clerical,0,2,8211 Leeds Ct.,1 (11) 500 555-0131,2018-08-31,1-2 Miles
11027,Jessie,R,Zhao,1960-01-12,M,M,jessie16@adventure-works.com,30000,2,0,Partial College,Clerical,1,2,213 Valencia Place,1 (11) 500 555-0184,2018-08-24,5-10 Miles
11028,Jill,,Jimenez,1959-05-17,M,F,jill13@adventure-works.com,30000,2,0,Partial College,Clerical,1,2,9111 Rose Ann Ave,1 (11) 500 555-0116,2018-09-03,1-2 Miles
11029,Jimmy,L,Moreno,1960-01-26,M,M,jimmy9@adventure-works.com,30000,2,0,Partial College,Clerical,1,2,6385 Mark Twain,1 (11) 500 555-0146,2018-08-27,1-2 Miles
11030,Bethany,G,Yuan,1965-09-26,M,F,bethany10@adventure-works.com,10000,2,1,Partial High School,Clerical,1,2,636 Vine Hill Way,1 (11) 500 555-0182,2018-09-13,1-2 Miles
11031,Theresa,G,Ramos,1960-09-26,M,F,theresa13@adventure-works.com,20000,4,0,High School,Skilled Manual,1,2,6465 Detroit Ave.,1 (11) 500 555-0195,2018-09-09,1-2 Miles
11032,Denise,,Stone,1960-07-16,M,F,denise10@adventure-works.com,20000,4,0,High School,Skilled Manual,1,2,626 Bentley Street,1 (11) 500 555-0169,2018-09-26,1-2 Miles
11033,Jaime,,Nath,1966-04-27,M,M,jaime41@adventure-works.com,20000,4,0,High School,Skilled Manual,1,2,5927 Rainbow Dr,1 (11) 500 555-0137,2018-09-23,5-10 Miles
11034,Ebony,,Gonzalez,1960-07-24,M,F,ebony19@adventure-works.com,20000,4,0,High School,Skilled Manual,1,2,5167 Condor Place,1 (11) 500 555-0136,2018-09-09,5-10 Miles
11035,Wendy,,Dominguez,1961-03-31,M,F,wendy12@adventure-works.com,10000,2,1,Partial High School,Clerical,1,2,1873 Mt. Whitney Dr,1 (11) 500 555-0177,2018-09-14,1-2 Miles
11036,Jennifer,C,Russell,1992-01-23,M,F,jennifer93@adventure-works.com,60000,0,0,Partial College,Skilled Manual,1,2,3981 Augustine Drive,115-555-0183,2020-08-30,1-2 Miles
11037,Chloe,M,Garcia,1991-01-02,S,F,chloe27@adventure-works.com,40000,0,0,Partial High School,Clerical,0,2,8915 Woodside Way,229-555-0112,2020-08-28,5-10 Miles
11038,Diana,F,Hernandez,1961-04-28,M,F,diana2@adventure-works.com,10000,2,1,Partial High School,Clerical,1,2,8357 Sandy Cove Lane,1 (11) 500 555-0114,2018-09-15,5-10 Miles
11039,Marc,J,Martin,1962-01-22,M,M,marc3@adventure-works.com,30000,3,0,Partial College,Clerical,1,2,9353 Creekside Dr.,1 (11) 500 555-0183,2018-09-15,5-10 Miles
11040,Jesse,,Murphy,1990-09-06,M,M,jesse15@adventure-works.com,30000,0,0,Partial College,Skilled Manual,1,2,3350 Kingswood Circle,961-555-0176,2020-11-09,1-2 Miles
11041,Amanda,M,Carter,1990-11-21,M,F,amanda53@adventure-works.com,60000,0,0,Partial College,Skilled Manual,1,2,5826 Escobar,295-555-0145,2020-08-22,1-2 Miles
11042,Megan,J,Sanchez,1990-07-19,M,F,megan28@adventure-works.com,70000,0,0,Partial College,Skilled Manual,1,2,1397 Paraiso Ct.,404-555-0199,2020-08-29,0-1 Miles
11043,Nathan,M,Simmons,1989-03-31,M,M,nathan11@adventure-works.com,60000,0,0,Partial College,Skilled Manual,1,2,1170 Shaw Rd,296-555-0181,2020-12-14,5-10 Miles
11044,Adam,L,Flores,1962-06-29,M,M,adam10@adventure-works.com,20000,2,1,Partial High School,Clerical,1,2,6935 Candle Dr,1 (11) 500 555-0163,2018-10-06,1-2 Miles
11045,Leonard,G,Nara,1963-06-24,S,M,leonard18@adventure-works.com,30000,3,0,High School,Skilled Manual,0,2,7466 La Vista Ave.,1 (11) 500 555-0151,2020-11-16,1-2 Miles
11046,Christine,,Yuan,1963-04-27,M,F,christine4@adventure-works.com,30000,3,0,High School,Skilled Manual,1,2,2356 Orange St,1 (11) 500 555-0113,2018-09-14,5-10 Miles
11047,Jaclyn,D,Lu,1963-04-04,M,F,jaclyn12@adventure-works.com,30000,3,0,High School,Skilled Manual,0,2,2812 Mazatlan,1 (11) 500 555-0137,2018-09-11,1-2 Miles
11048,Jeremy,,Powell,1963-12-28,M,M,jeremy26@adventure-works.com,30000,3,0,High School,Skilled Manual,1,2,1803 Potomac Dr.,1 (11) 500 555-0183,2018-09-18,5-10 Miles
11049,Carol,C,Rai,1993-08-23,S,F,carol8@adventure-works.com,40000,0,0,Partial High School,Clerical,1,2,6064 Madrid,654-555-0180,2020-10-15,5-10 Miles
11050,Alan,,Zheng,1964-10-12,M,M,alan23@adventure-works.com,30000,3,0,High School,Skilled Manual,1,2,2741 Gainborough Dr.,1 (11) 500 555-0135,2018-09-28,5-10 Miles
11051,Daniel,,Johnson,1964-09-08,S,M,daniel18@adventure-works.com,30000,3,0,High School,Skilled Manual,0,2,8085 Sunnyvale Avenue,1 (11) 500 555-0155,2021-08-06,1-2 Miles
11052,Heidi,,Lopez,1964-09-11,S,F,heidi19@adventure-works.com,40000,2,0,Partial College,Clerical,0,2,2514 Via Cordona,1 (11) 500 555-0168,2018-09-25,5-10 Miles
11053,Ana,E,Price,1993-09-25,M,F,ana0@adventure-works.com,60000,0,0,Partial College,Skilled Manual,0,2,1660 Stonyhill Circle,859-555-0113,2020-08-25,1-2 Miles
11054,Deanna,,Munoz,1965-04-15,M,F,deanna33@adventure-works.com,40000,2,0,Partial College,Skilled Manual,1,2,5825 B Way,1 (11) 500 555-0192,2018-09-11,5-10 Miles
11055,Gilbert,,Raje,1965-04-10,M,M,gilbert35@adventure-works.com,40000,2,0,Partial College,Skilled Manual,1,2,8811 The Trees Dr.,1 (11) 500 555-0129,2018-09-08,5-10 Miles
11056,Michele,L,Nath,1966-05-09,M,F,michele19@adventure-works.com,40000,3,0,Partial College,Skilled Manual,1,2,5464 Janin Pl.,1 (11) 500 555-0178,2018-10-04,5-10 Miles
11057,Carl,J,Andersen,1977-11-13,M,M,carl12@adventure-works.com,70000,2,0,Graduate Degree,Management,1,2,6930 Lake Nadine Place,1 (11) 500 555-0181,2018-09-30,1-2 Miles
11058,Marc,,Diaz,1972-11-29,M,M,marc6@adventure-works.com,80000,2,0,Partial College,Skilled Manual,1,2,6645 Sinaloa,1 (11) 500 555-0149,2018-10-15,1-2 Miles
11059,Ashlee,J,Andersen,1967-05-07,S,F,ashlee19@adventure-works.com,80000,2,0,Partial College,Skilled Manual,1,2,8255 Highland Road,1 (11) 500 555-0112,2020-09-26,5-10 Miles
11060,Jon,L,Zhou,1967-04-22,M,M,jon28@adventure-works.com,80000,2,0,Partial College,Skilled Manual,1,2,6574 Hemlock Ave.,1 (11) 500 555-0174,2018-10-25,5-10 Miles
11061,Todd,M,Gao,1983-09-28,M,M,todd14@adventure-works.com,80000,2,0,Partial College,Skilled Manual,1,2,8808 Geneva Ave,1 (11) 500 555-0191,2018-10-19,5-10 Miles
11062,Noah,D,Powell,1988-10-07,M,M,noah5@adventure-works.com,40000,0,0,High School,Skilled Manual,1,2,9794 Marion Ct,767-555-0113,2020-08-15,5-10 Miles
11063,Angela,,Murphy,1988-05-12,S,F,angela41@adventure-works.com,40000,0,0,High School,Skilled Manual,1,2,4927 Virgil Street,451-555-0162,2020-08-20,5-10 Miles
11064,Chase,,Reed,1989-01-11,M,M,chase21@adventure-works.com,40000,0,0,High School,Skilled Manual,1,2,2721 Alexander Pl.,892-555-0184,2020-09-02,5-10 Miles
11065,Jessica,,Henderson,1986-11-14,M,F,jessica29@adventure-works.com,60000,0,0,Partial College,Skilled Manual,0,2,9343 Ironwood Way,278-555-0186,2020-09-18,1-2 Miles
11066,Grace,T,Butler,1987-01-02,M,F,grace62@adventure-works.com,70000,0,0,Partial College,Professional,1,2,4739 Garden Ave.,712-555-0141,2021-01-06,5-10 Miles
11067,Caleb,F,Carter,1989-10-31,S,M,caleb40@adventure-works.com,60000,0,0,Partial College,Professional,1,2,9563 Pennsylvania Blvd.,944-555-0167,2021-03-26,5-10 Miles
11068,Tiffany,,Liang,1974-04-27,S,F,tiffany17@adventure-works.com,80000,2,0,High School,Skilled Manual,1,2,3608 Sinclair Avenue,1 (11) 500 555-0177,2020-12-06,5-10 Miles
11069,Carolyn,,Navarro,1974-04-25,S,F,carolyn30@adventure-works.com,80000,2,0,High School,Skilled Manual,0,2,4606 Springwood Court,1 (11) 500 555-0145,2018-11-23,1-2 Miles
11070,Willie,T,Raji,1968-05-10,M,M,willie40@adventure-works.com,80000,2,0,High School,Skilled Manual,1,2,6260 Vernal Drive,1 (11) 500 555-0151,2018-12-04,5-10 Miles
11071,Linda,,Serrano,1968-07-31,S,F,linda31@adventure-works.com,80000,2,0,High School,Skilled Manual,1,2,9808 Shaw Rd.,1 (11) 500 555-0130,2020-10-07,5-10 Miles
11072,Casey,,Luo,1968-03-13,S,F,casey6@adventure-works.com,80000,2,0,High School,Skilled Manual,0,2,9513 Roslyn Drive,1 (11) 500 555-0125,2018-11-06,1-2 Miles
11073,Amy,,Ye,1969-09-19,S,F,amy16@adventure-works.com,70000,2,0,High School,Skilled Manual,1,2,2262 Kirkwood Ct.,1 (11) 500 555-0185,2020-10-29,5-10 Miles
11074,Levi,A,Arun,1969-10-03,S,M,levi6@adventure-works.com,70000,2,0,High School,Skilled Manual,1,2,4661 Bluetail,1 (11) 500 555-0127,2020-10-29,5-10 Miles
11075,Felicia,L,Jimenez,1970-12-22,S,F,felicia4@adventure-works.com,80000,2,0,High School,Professional,1,2,786 Eastgate Ave,1 (11) 500 555-0165,2018-12-04,5-10 Miles
11076,Blake,,Anderson,1970-08-18,S,M,blake9@adventure-works.com,80000,2,0,High School,Professional,1,2,5436 Clear,1 (11) 500 555-0113,2018-11-27,5-10 Miles
11077,Leah,,Ye,1970-10-25,S,F,leah7@adventure-works.com,80000,2,0,High School,Professional,0,2,1291 Arguello Blvd.,1 (11) 500 555-0154,2018-11-21,1-2 Miles
11078,Gina,E,Martin,1992-08-14,S,F,gina1@adventure-works.com,40000,0,0,High School,Professional,0,2,1349 Sol St.,196-555-0114,2020-09-23,1-2 Miles
11079,Donald,,Gonzalez,1977-10-13,S,M,donald20@adventure-works.com,160000,0,0,Graduate Degree,Management,1,2,4236 Malibu Place,1 (11) 500 555-0137,2020-10-21,0-1 Miles
11080,Damien,,Chander,1972-08-21,M,M,damien32@adventure-works.com,170000,0,0,Graduate Degree,Management,1,2,9941 Stonehedge Dr.,1 (11) 500 555-0111,2018-11-16,0-1 Miles
11081,Savannah,C,Baker,1979-08-29,M,F,savannah39@adventure-works.com,120000,2,2,Bachelors,Management,1,3,1210 Trafalgar Circle,478-555-0117,2020-09-20,2-5 Miles
11082,Angela,L,Butler,1979-09-09,S,F,angela17@adventure-works.com,130000,0,1,Graduate Degree,Management,0,3,6040 Listing Ct,579-555-0195,2020-08-30,1-2 Miles
11083,Alyssa,F,Cox,1984-10-17,M,F,alyssa37@adventure-works.com,130000,0,1,Graduate Degree,Management,1,3,867 La Orinda Place,561-555-0140,2020-08-14,1-2 Miles
11084,Lucas,,Phillips,1970-10-18,S,M,lucas7@adventure-works.com,80000,2,0,Partial High School,Skilled Manual,0,2,8668 St. Celestine Court,863-555-0172,2020-08-12,1-2 Miles
11085,Emily,,Johnson,1970-08-24,S,F,emily1@adventure-works.com,60000,2,0,High School,Professional,0,2,7926 Stephanie Way,850-555-0184,2021-07-14,5-10 Miles
11086,Ryan,,Brown,1971-01-28,M,M,ryan43@adventure-works.com,70000,2,1,Partial College,Professional,1,0,2939 Wesley Ct.,539-555-0198,2021-02-07,0-1 Miles
11087,Tamara,L,Liang,1970-11-08,M,F,tamara6@adventure-works.com,70000,3,2,Partial College,Professional,0,0,3791 Rossmor Parkway,178-555-0152,2020-10-03,0-1 Miles
11088,Hunter,,Davis,1970-12-31,M,M,hunter64@adventure-works.com,80000,2,1,Bachelors,Management,1,0,4308 Sand Pointe Lane,612-555-0141,2020-08-21,2-5 Miles
11089,Abigail,M,Price,1970-03-13,S,F,abigail25@adventure-works.com,80000,2,1,Bachelors,Management,1,1,2685 Blackburn Ct,532-555-0117,2020-08-06,2-5 Miles
11090,Trevor,,Bryant,1976-07-21,S,M,trevor18@adventure-works.com,90000,2,0,Partial College,Professional,1,1,5781 Sharon Dr.,853-555-0174,2019-03-15,2-5 Miles
11091,Dalton,,Perez,1970-05-10,M,M,dalton37@adventure-works.com,90000,2,0,Partial College,Professional,1,1,6083 San Jose,559-555-0115,2020-09-06,5-10 Miles
11092,Cheryl,A,Diaz,1980-06-10,M,F,cheryl4@adventure-works.com,90000,2,2,Bachelors,Professional,1,0,7297 Kaywood Drive,1 (11) 500 555-0192,2018-11-14,1-2 Miles
11093,Aimee,A,He,1986-04-14,M,F,aimee13@adventure-works.com,100000,0,0,Graduate Degree,Management,1,0,1833 Olympic Drive,1 (11) 500 555-0161,2018-11-13,0-1 Miles
11094,Cedric,W,Ma,1975-05-07,S,M,cedric15@adventure-works.com,70000,1,0,Partial College,Skilled Manual,0,1,3407 Oak Brook Place,1 (11) 500 555-0115,2020-11-13,0-1 Miles
11095,Chad,,Kumar,1975-10-07,S,M,chad9@adventure-works.com,70000,1,0,Partial College,Skilled Manual,1,1,1681 Lighthouse Way,1 (11) 500 555-0151,2018-11-07,5-10 Miles
11096,Andrés,,Anand,1975-09-15,M,M,andrés18@adventure-works.com,60000,1,0,Bachelors,Professional,1,1,5423 Los Gatos Ct.,1 (11) 500 555-0184,2018-11-17,5-10 Miles
11097,Edwin,R,Nara,1980-05-31,M,M,edwin39@adventure-works.com,60000,1,0,Partial College,Skilled Manual,1,1,719 William Way,1 (11) 500 555-0112,2018-11-10,5-10 Miles
11098,Mallory,S,Rubio,1974-06-06,S,F,mallory7@adventure-works.com,60000,1,0,Partial College,Skilled Manual,0,1,6452 Harris Circle,1 (11) 500 555-0157,2020-09-19,0-1 Miles
11099,Adam,,Ross,1974-04-13,M,M,adam2@adventure-works.com,60000,1,0,Bachelors,Professional,1,1,4378 Westminster Place,1 (11) 500 555-0186,2018-11-13,0-1 Miles
11100,Latasha,L,Navarro,1973-10-21,S,F,latasha10@adventure-works.com,60000,1,0,Partial College,Skilled Manual,1,1,6954 Ranch Road,1 (11) 500 555-0123,2018-11-22,5-10 Miles
11101,Abby,L,Sai,1978-06-13,S,F,abby4@adventure-works.com,70000,0,0,Bachelors,Professional,0,1,7074 N. Spoonwood Court,1 (11) 500 555-0174,2018-12-05,0-1 Miles
